substance,drug,event,ror_with,a_with,ror_without,ratio,z_diff,p_diff
alcohol,disulfiram,Wernicke's encephalopathy,103.1457627118644,4,311.99966531397735,0.3305957479411551,-1.3085645113266131,0.1906819088271798
alcohol,aripiprazole,Compulsive sexual behaviour,112.46268656716418,2,434.5474710798465,0.2588041446604106,-1.088544875248815,0.2763546371190031
alcohol,disulfiram,Labelled drug-food interaction issue,42.25833333333333,2,296.6342103693097,0.1424594057466321,-1.7891656101038458,0.073588148303922
cannabis,risperidone,Gynaecomastia,77.4760147601476,2,856.0642624388395,0.0905025687434099,-1.958524336970459,0.0501685181857124
alcohol,disulfiram,Alcohol intolerance,42.95762711864407,4,677.5223883986872,0.0634039964644913,-4.005487347749815,6.188974669021192e-05
cannabis,naltrexone,Alcoholism,52.411764705882355,3,1027.927312514786,0.0509878121417543,-4.378720514364242,1.1937810959667011e-05
cocaine,naltrexone,Alcoholism,21.002481389578165,1,1034.2105187569605,0.0203077429678645,-3.695236709018906,0.0002196820258439
heroin,diazepam,Delayed visual maturation,13.101654846335697,1,1165.658699858794,0.0112397006498753,-2.5211854051341644,0.0116960207648708
alcohol,naltrexone,Alcoholism,12.545299145299143,26,1129.291560722344,0.0111089992891425,-18.020071118447675,1.3556911465875292e-72
